Type	RSquared	AdjRSquared
Citations	0.66639606356046	0.6637658091338671
AAS	0.20378235322244925	0.19725597906853498
