Type	RSquared	AdjRSquared
Total citations	0.5967957820454424	0.5918622487890463
Total AAS	0.3385303918988859	0.3304367704426987
GitHub stars	0.45612720337684115	0.4494724750533097
